,loss,accuracy,val_loss,val_accuracy,lr
0,1.0182664394378662,0.6333858370780945,0.8085231781005859,0.6819899082183838,0.001
1,0.7127512097358704,0.6962204575538635,0.6422488689422607,0.7751889228820801,0.001
